customer_id,name,email,region
1,Tracy Snyder,ipeck@hill.com,Idaho
2,Rhonda Rivas,valdezmark@brown.com,Delaware
3,Helen Kaufman,taylornatalie@nelson.biz,Alabama
4,Christopher Sims,phansen@yahoo.com,Louisiana
5,Mark Salazar,seanmarshall@garcia.biz,Ohio
6,Helen Walker,brettallen@hotmail.com,New York
7,David Berger,john87@marshall-montgomery.org,Louisiana
8,Taylor Rocha,gjacobson@hotmail.com,Arkansas
9,Beverly Edwards,charlesbrown@reed.com,Kansas
10,Dana Harris,rodney05@gmail.com,North Carolina
11,Carolyn Wilson,hdavis@schroeder-kelly.com,Indiana
12,Clinton Bowen,ychang@perez-herrera.com,Ohio
13,Susan Ford,ztaylor@pratt.com,Texas
14,Amy Campbell,christopher32@hotmail.com,Minnesota
15,Robert Brown,lcollier@white-church.org,New Jersey
16,William Martinez,cookejennifer@duran.com,Minnesota
17,Thomas Patton,oweaver@hill-hampton.info,California
18,Christina Harris,jamesmorgan@gmail.com,Florida
19,Sara Smith,millershannon@gmail.com,Texas
20,Jerry Padilla,marquezalex@smith.com,California
21,Lisa Ross,smithdouglas@pratt.com,Rhode Island
22,Lawrence Jackson,mwilson@gmail.com,Michigan
23,Denise Hall,eric42@kim.com,Hawaii
24,Nicholas Merritt,herrerapenny@thomas.net,North Carolina
25,Amanda Flores,stoutcynthia@pena.com,Minnesota
26,John Williams,kathrynreese@mullen.biz,Alaska
27,Patricia Liu,cynthiarichards@allen.com,Rhode Island
28,William Ruiz,qhicks@hotmail.com,Nebraska
29,Joshua Roberts,xking@gmail.com,Florida
30,Martha Phillips,davidcobb@hotmail.com,Illinois
31,Heather Hart,kathryn86@yahoo.com,North Carolina
32,Michael Francis,kinglindsey@hotmail.com,Utah
33,Caleb Mathews,nbrown@murphy-pace.com,Massachusetts
34,Tiffany Frey,yangantonio@ramirez.com,Delaware
35,Sharon Gould,robert20@yahoo.com,West Virginia
36,Bonnie Mccall,lauraholt@gmail.com,Missouri
37,Mary Hoffman,emata@johnson.info,South Carolina
38,Jeffrey Reyes,halldavid@yahoo.com,Hawaii
39,Michelle Franco,katie71@joseph.biz,Georgia
40,Amy Cross,hhamilton@yahoo.com,Maine
41,David Jennings,nsullivan@gmail.com,Wisconsin
42,Daniel Richardson,quinnkathryn@oneal.com,Oklahoma
43,Donald Brown,melissa03@hart-white.com,Maine
44,Megan Anderson,courtney45@parker-hooper.com,West Virginia
45,Steven Stevenson,lsmith@neal.net,Connecticut
46,Nicholas Jackson,jessica62@gmail.com,Idaho
47,Ronald Burke,emilyriley@wiley-forbes.info,Kansas
48,Heidi Becker,sarah22@rodriguez.com,Wisconsin
49,Anthony Craig,jon34@barry.net,Georgia
50,Joshua Wilson,jgonzalez@jones.com,Pennsylvania
51,David Mason,barnettmichael@parker.com,North Carolina
52,Matthew Hoffman,skinnerjack@grimes-bailey.org,Utah
53,Daniel Abbott,aperez@bryant.info,Kentucky
54,Tiffany Graham,tashacooper@yahoo.com,Wisconsin
55,Ryan Bonilla,michelle43@yahoo.com,Tennessee
56,Patricia Robbins,eric09@sutton.info,Nebraska
57,Clinton Strong,rita17@gmail.com,Illinois
58,Alexander Nelson,thomaswilliam@gmail.com,Wyoming
59,Maria Oconnor,fguerrero@grimes.com,New Jersey
60,Sean Taylor,jenniferbryant@hotmail.com,Missouri
61,Brandon Torres,deanmartinez@gmail.com,Missouri
62,Stephen Stokes,kristipope@carey-bryant.com,Idaho
63,Tracy Fox,dickersonmelody@bryan-mccarthy.com,Nevada
64,Brenda Serrano,twilliams@duran.info,Maryland
65,Breanna Kent,kelly11@wright.com,Mississippi
66,Kaitlin Martinez,jacksonsteven@bush.com,Oregon
67,Erin Hardy,margaret94@hotmail.com,California
68,Summer Fuller,kylie61@hill.com,Illinois
69,David Norton,james36@arnold-rivera.com,Massachusetts
70,David Estrada,johnsonwilliam@huang.net,Tennessee
71,Peter Freeman,holson@hotmail.com,Idaho
72,Matthew Thompson,michealcastro@gmail.com,Mississippi
73,Thomas Gonzalez,caleb74@yahoo.com,New Hampshire
74,Brian Washington,john44@hotmail.com,Michigan
75,Larry Ramsey,bradleyjulia@haynes-knight.info,Oklahoma
76,Angela Barry,theresakeller@perry.com,New Jersey
77,Tony Cohen,josephsweeney@myers.biz,California
78,Michael Whitehead,thomashudson@hotmail.com,North Carolina
79,David Farrell DDS,eric49@brown-gray.com,Vermont
80,Marc Young,keitholiver@gmail.com,North Dakota
81,Dr. Corey Jones,biancabecker@gmail.com,Delaware
82,Kelly Richardson,bmathews@garcia-sanchez.com,Ohio
83,Jeffrey Gross,thomasrogers@yu-fitzgerald.info,California
84,Matthew Ramos,debraparker@gmail.com,Iowa
85,Martha Collins,raysalazar@jones.org,North Dakota
86,Raven Stevens,garciajasmine@campos-watson.org,Colorado
87,Melissa Wright,kimberly79@anderson-hansen.com,Georgia
88,Seth Swanson,alexandria77@hotmail.com,Oklahoma
89,Stephen Pham,lauren63@hotmail.com,Louisiana
90,Melissa Sanders,qwells@yahoo.com,Delaware
91,Crystal Smith,kallen@gmail.com,South Dakota
92,Deborah Carter,zmcpherson@williams.com,Illinois
93,Gary Young,sarah42@hotmail.com,South Dakota
94,Kevin Mckinney,wheelerkelly@webb-fernandez.com,Connecticut
95,Vanessa Garrison,turnerjustin@hotmail.com,Vermont
96,Terry Jones,hwilliamson@harper.com,Maine
97,Alex Williams,austinfreeman@hotmail.com,California
98,Kristen Foster,cynthiaperez@yahoo.com,Wyoming
99,Jessica Cochran,wbutler@hotmail.com,Missouri
100,Jessica Douglas,foleyanthony@gmail.com,Montana
101,Gary Gray,jerrysullivan@clements-moreno.com,Alaska
102,Johnny Lamb,pbuck@hill.com,Arizona
103,William Lewis,brianna83@curry.org,Louisiana
104,Katie Leach,tlittle@fuentes.com,Kentucky
105,Stephanie Coleman,grahamdavid@wu.com,Alabama
106,Pamela Winters,james34@phillips-harmon.net,West Virginia
107,Erik Graham,marissachavez@norman.com,Kansas
108,Paul Liu,george67@yahoo.com,Arizona
109,Nicholas Wagner,parkerjonathan@yahoo.com,California
110,Katie Brown,hlutz@hotmail.com,South Carolina
111,Robert Lane,michael71@hotmail.com,South Dakota
112,Daniel Schneider,bmiller@yahoo.com,Idaho
113,Mallory Tanner,kleinrobert@david.com,Pennsylvania
114,Michael Howard,weberheather@hotmail.com,Kansas
115,Mary Martinez,lberry@hotmail.com,Nevada
116,Robert Moore,marcus13@stevens.com,Texas
117,Corey Schneider,davisnathan@hotmail.com,Illinois
118,Christopher Brown,christopherjohnson@martinez-ryan.org,Kentucky
119,Heather Davila,dennisnavarro@mclaughlin.info,Tennessee
120,Blake Banks,bryanjones@tanner.com,Oregon
121,Donna Oliver,leviroberts@yahoo.com,Pennsylvania
122,Felicia Murphy,martinezsusan@yahoo.com,Oregon
123,Carlos Gomez,gbrown@gmail.com,Maryland
124,Kelsey Cooper,scott72@gmail.com,West Virginia
125,Darrell Robles,hortonanna@smith.info,Arkansas
126,Kimberly Jacobs,rachel66@williams-farmer.net,New York
127,Willie Robinson,linda21@yahoo.com,Colorado
128,Ryan Petersen,figueroacourtney@hotmail.com,Oregon
129,Alexander Smith,heather64@yahoo.com,Colorado
130,Heidi Romero,jessica32@small.com,Ohio
131,Tonya Wells,imullen@kim.com,Michigan
132,Ronald Holmes,nhoward@gmail.com,Maine
133,Terri Cunningham,andreamoore@hotmail.com,Arizona
134,Mary Banks,bnorton@orr.com,Texas
135,Charles Murphy,wheelerryan@mcbride.info,Connecticut
136,Wesley Williams,robert61@hunt-martinez.com,Louisiana
137,Alex Thomas,kellivaughn@lopez.com,Virginia
138,Thomas Brown,bethany66@gmail.com,Oklahoma
139,Richard Bailey,carlsonedward@gmail.com,Florida
140,Daniel Kelly,toliver@olson-stevens.com,Maryland
141,Kari Phillips,aaron85@hotmail.com,South Carolina
142,Mrs. Diamond Knight,dunnmary@hotmail.com,Texas
143,Christopher Gonzalez,logan18@miller.net,Wyoming
144,Jessica Frank,ibarraalan@gmail.com,North Dakota
145,Michelle Holmes DDS,rodney28@yahoo.com,Ohio
146,Christopher Merritt,kenneth13@hotmail.com,Arizona
147,Mike Burke,jharris@elliott.com,Hawaii
148,Karen Johnson,benjaminwilliams@hotmail.com,West Virginia
149,Brittany Carlson,james80@mills.com,Oklahoma
150,Amanda Bailey,thomasheather@gmail.com,Oregon
151,Andrew Camacho,kenneth71@gmail.com,California
152,Mary Rogers,smithamy@williams.net,New Mexico
153,Olivia Bartlett,thompsonrichard@kramer.net,Arkansas
154,Joseph Coleman,jpalmer@stewart.com,California
155,George Keller,jennifer47@ramirez.com,Illinois
156,Kimberly Ross,athompson@terrell.info,Kentucky
157,Ashley Ramirez,kimchristopher@newman.com,South Dakota
158,Breanna Reyes,davidwatkins@sanchez.biz,Missouri
159,Aaron Mccarty,ybrown@jennings-olson.com,Wyoming
160,Allison Hobbs,angelabutler@underwood.com,Montana
161,Tina Rose,stephen40@yahoo.com,Oklahoma
162,Kari Brown,pamela70@mathis.info,Florida
163,Wendy Schneider,rachelandrews@henderson.com,Maine
164,Anthony Harrison,josebell@atkins.biz,Maryland
165,Christina Cooper,scottsmith@gmail.com,Oklahoma
166,Kerry Wong,harrellchristopher@oconnell-dennis.com,Illinois
167,Paul Smith,kirkcook@yahoo.com,Maryland
168,Michelle Williams,dawn47@gmail.com,Vermont
169,Brandy Hudson,zjohnson@gmail.com,Arizona
170,Kenneth Hudson,shelly17@barrera.com,Pennsylvania
171,William Flores,vfisher@henry.com,Virginia
172,Casey Cabrera,sylvia59@hotmail.com,West Virginia
173,Robert Rivera,roberthowe@davis-vaughn.com,New York
174,David Martin,gsanchez@yahoo.com,Nebraska
175,Cheryl Walker,georgekevin@walker.com,California
176,Chad Harris,williamsmichelle@hotmail.com,Maine
177,Heather Gonzalez,cameron38@malone.com,Texas
178,Elizabeth Cameron,anthonyreyes@holt-whitney.info,Maine
179,John Carey,theresacrosby@yahoo.com,Georgia
180,Chris Ayers,chloe03@johnson-duffy.net,Utah
181,Michael Morgan,jorgelewis@mitchell-hughes.biz,Nebraska
182,Jean Perez,xmckenzie@collins.biz,Florida
183,Michael Graham,hillmelvin@gmail.com,Arkansas
184,Linda Ruiz,daniellegay@brown.com,Oregon
185,Jose Stewart,carolyn01@parks.com,Kansas
186,Nathaniel Patel,brandonadkins@hotmail.com,Texas
187,Makayla Fry,lisa15@hall.net,Colorado
188,Jennifer Andrews,aparks@cherry.info,Tennessee
189,Erika Flores,uhorton@vincent-smith.info,Missouri
190,Kim Myers,stacey94@compton.com,Montana
191,Lisa Blake,smithnichole@yahoo.com,Wyoming
192,Doris Molina,vphillips@james-moore.com,Maine
193,Deanna Braun,aliciahayes@gmail.com,Montana
194,Keith Gray,dgarcia@reed.org,New Jersey
195,Valerie Robertson,kathleenlewis@yahoo.com,Georgia
196,Melanie Oneill,nicoleflores@king.org,Virginia
197,Kendra Maxwell,lewisjoseph@yahoo.com,Florida
198,James Wilkerson,mlang@golden-brown.net,Indiana
199,Tiffany Gardner,harrischristopher@gmail.com,Oklahoma
200,James Cruz,kellybush@gmail.com,Arkansas
